"","response_var","TCG_15_T1","mndwi_15_T2","ndvi_15_T3","swir1_15_T3"
"1",0,568.61785,-0.398902104,0.402277904,1473.5
"2",0,2234.42715,-0.792802617,0.75564409,1314.5
"3",0,1468.5582,-0.706051873,0.796358041,830.5
"4",0,-124.83565,-0.111241907,0.0610552,3539.5
"5",0,1126.2464,-0.546270331,0.636923867,2403
"6",0,1798.37915,-0.737510955,0.719917012,2356.5
"7",0,39.46935,0.062068966,-0.126684636,67.5
"8",1,750.43535,-0.618628068,0.583054627,195.5
"9",1,1082.3855,-0.673402512,0.545977011,430.5
"10",0,1477.39705,-0.690571533,0.574950033,1095
"11",0,1567.0237,-0.706401766,0.555417957,1210
"12",0,377.7815,-0.136094675,-0.194029851,139
"13",0,1855.624,-0.772815534,0.71125,876
"14",0,2211.4704,-0.656192237,0.676634567,2477
"15",0,1126.9231,-0.671981777,0.482738444,961
"16",0,1854.6006,-0.779792746,0.596584845,1138
"17",0,816.0292,-0.590797331,0.554305663,2082
"18",0,1409.9231,-0.673563218,0.761971437,833
"19",0,1835.1019,-0.712926509,0.665668663,1304
"20",0,2492.5376,-0.814639736,0.837250088,1064
"21",0,1520.1467,-0.670525716,0.740009629,1079
"22",1,997.9908,-0.617873652,0.42259887,1045
"23",0,-231.1794,0.42519685,-0.676579926,46
"24",0,1845.3682,-0.694721447,0.624575311,2303
"25",0,2717.9453,-0.782603592,0.693914081,1705
"26",0,2157.4927,-0.728502169,0.664158893,1822
"27",0,-107.4478,0.234070221,-0.253164557,37
"28",0,-97.8707,0.222636816,-0.297709924,27
"29",0,-144.6108,0.284690554,-0.348148148,23
"30",0,-129.1362,0.244074311,-0.426470588,25
"31",1,1151.8714,-0.623815067,0.701849837,621
"32",1,1455.0673,-0.636189171,0.628127113,518
"33",1,875.2889,-0.594732116,0.292771084,1163
"34",0,1199.5615,-0.650912288,0.713071201,722
"35",0,1706.1215,-0.73530817,0.660516605,1303
"36",0,-159.248,0.483636364,-0.371069182,24
"37",0,-372.9151,0.679715302,-0.580152672,30
"38",0,-360.7755,0.621169916,-0.560693642,56
"39",0,-445.3396,0.617177914,-0.548780488,58
"40",0,-438.1016,0.602950215,-0.498023715,63
"41",0,-41.6679,0.236641221,-0.123028391,35
"42",0,-43.6768,0.266932271,-0.138047138,30.5
"43",1,175.2771,-0.505665722,0.35298103,764
"44",1,258.3536,-0.571354972,0.541643685,884.5
"45",1,449.9303,-0.47101932,0.338932214,1010
"46",1,161.4158,-0.6,0.648842777,719.5
"47",1,238.9587,-0.567296997,0.50571066,670
"48",0,2715.4773,-0.793585725,0.699778024,1739
"49",0,2642.9107,-0.752469059,0.683457526,1603
"50",1,1129.6973,-0.698829229,0.427618412,689.5
"51",1,1025.1468,-0.688745981,0.446775447,575.5
"52",1,1076.1155,-0.702814952,0.508076358,582.5
"53",1,880.8632,-0.61097027,0.637368157,367.5
"54",1,1077.2285,-0.627071272,0.638867636,498
"55",1,1203.5437,-0.714364794,0.687924016,736
"56",1,1031.3525,-0.672419106,0.687804878,680
"57",1,1255.7344,-0.705604883,0.630817775,966.5
"58",1,-7.7999,-0.412858249,0.56432247,311
"59",1,23.3184,-0.390045249,0.54527163,244
"60",1,25.5136,-0.415789474,0.56851312,203
"61",0,-46.2666,0.427480916,-0.318918919,23.5
"62",1,85.3338,-0.337155963,0.335813953,123.5
"63",0,1198.2609,-0.56466877,0.523330784,3160.5
"64",0,736.9429,-0.52146789,0.471553611,1752
"65",1,85.4832,-0.429145729,0.397688647,286
"66",1,57.735,-0.536639526,0.624167947,400.5
"67",1,138.8145,-0.668089142,0.715558195,656
"68",1,147.2383,-0.658248254,0.717741935,597.5
"69",0,580.7008,-0.312190864,-0.019230769,46.5
"70",0,497.0752,-0.276315789,-0.006535948,54.5
"71",1,1103.5774,-0.565302782,0.742902711,682.5
"72",1,1386.4175,-0.587911223,0.751813054,830.5
"73",1,215.2884,-0.540856031,0.600173837,475.5
"74",1,44.4377,-0.541149944,0.615831518,514
"75",1,315.9079,-0.535031847,0.549194991,449.5
"76",1,893.1243,-0.610047847,0.718332022,744
"77",1,491.9669,-0.593325093,0.684380032,477
"78",1,431.2047,-0.560379919,0.642489471,428
"79",0,-74.0671,0.16550765,-0.176151762,45.5
"80",0,87.3694,-0.230329041,0.186282151,337
"81",1,1630.8026,-0.719378297,0.596150354,1653.5
"82",1,1499.2292,-0.635499208,0.754826704,831.5
"83",1,2102.493,-0.649543807,0.761817347,844.5
"84",1,1260.0945,-0.672671522,0.67391935,752
"85",1,1189.9768,-0.619250038,0.760707378,714.5
"86",1,1378.7193,-0.64452196,0.676426426,580
"87",1,88.1952,-0.399271213,0.630850363,276
"88",1,596.2676,-0.606018519,0.74287954,807.5
"89",0,696.8726,-0.616086516,0.432619837,1510
"90",0,986.3244,-0.682252142,0.692124814,924
"91",1,796.463,-0.666029805,0.301922352,591
"92",1,765.1198,-0.697705403,0.296539379,814
"93",1,244.3697,-0.447058824,0.414675768,288.5
"94",1,704.0685,-0.630750232,0.386543536,368
"95",1,775.2765,-0.608947368,0.405370007,407.5
"96",1,388.9131,-0.4644727,0.604284104,353.5
"97",1,648.2282,-0.563081326,0.634951456,475
"98",1,490.032,-0.568756154,0.714166667,451.5
"99",1,357.4466,-0.586379256,0.738724728,487.5
"100",1,266.2489,-0.583533943,0.513030529,626
"101",1,539.8272,-0.675404175,0.542244077,1072
"102",1,581.167,-0.674977197,0.626115166,1006
"103",1,451.8343,-0.663593668,0.576311988,925
"104",1,554.3867,-0.64312123,0.664219285,787
"105",1,570.4618,-0.66211923,0.663690476,765
"106",1,547.7528,-0.659871058,0.646252677,915
"107",0,-123.2029,-0.08787062,-0.23297491,57
"108",0,108.924,-0.028801072,-0.090909091,56
"109",0,1193.0266,-0.545617757,0.432686287,2672
"110",0,2103.5233,-0.670988258,0.679083095,2337
"111",0,2548.6918,-0.736057897,0.748332592,1473
"112",0,2806.6535,-0.742146597,0.71004663,1788
"113",0,576.0598,-0.476906552,0.540616246,862
"114",0,583.7017,-0.331890332,0.357206804,499
"115",0,2191.9638,-0.566128067,0.544303797,2564
"116",0,1669.4339,-0.688426111,0.778384279,903
"117",1,1307.7718,-0.65960847,0.416182387,1319
"118",1,1021.3306,-0.638003839,0.599765258,951
"119",0,2329.3794,-0.731510791,0.818729097,1188
"120",0,1845.109,-0.67499612,0.65420185,1243
"121",1,703.3942,-0.559618442,0.661612131,521
"122",0,2049.3969,-0.672101213,0.674708593,2597
"123",0,1954.9287,-0.685493083,0.713248639,2708
"124",0,625.2263,-0.435312419,0.515513126,758
"125",0,1657.5473,-0.662258631,0.729551785,2151
"126",0,969.0134,-0.471872035,0.490051165,2142
"127",0,575.9023,-0.419090231,0.438882421,313
"128",0,2489.7434,-0.789642285,0.757000243,1280.5
"129",0,1212.03955,-0.531509788,0.519562716,1838.5
"130",0,2130.7811,-0.67746529,0.77650189,2128.5
"131",0,2435.6905,-0.745658836,0.697881066,1488
"132",1,535.9606,-0.453762351,0.522051282,276
"133",1,600.722,-0.455189322,0.456702254,263
"134",1,765.6602,-0.561828447,0.686252772,732
"135",1,481.1157,-0.46343949,0.532004197,357
"136",1,925.8295,-0.564162056,0.646675359,595
"137",1,501.7706,-0.443720379,0.602076125,356
"138",0,-294.354,0.101101101,-0.520782396,51
"139",0,-334.9842,0.176470588,-0.571717172,58
"140",0,-372.8261,0.151952462,-0.639514731,63
"141",1,1174.0246,-0.609083851,0.584379358,533
"142",1,964.0431,-0.594797399,0.680438029,812
"143",1,961.2344,-0.590497738,0.601066667,564
"144",1,1422.5182,-0.651403997,0.701981707,1120
"145",1,727.7142,-0.553711595,0.615444015,485
"146",1,1142.1009,-0.641941075,0.694789082,679
"147",1,887.3302,-0.599324324,0.685173887,684
"148",1,506.0584,-0.507725476,0.504132231,236
"149",1,1161.7111,-0.634085213,0.655757576,614
"150",0,-87.4332,0.093220339,-0.135135135,41
"151",0,-82.78265,0.081285444,-0.171270718,37
"152",1,1023.82645,-0.555074034,0.465020576,458
"153",1,2025.33645,-0.539524599,0.513739546,740
"154",1,1723.891,-0.575811209,0.482233503,764
"155",1,1636.067,-0.594159714,0.525088339,495
"156",0,-133.6751,0.099593496,-0.333333333,38
"157",0,634.948,-0.510616081,0.524733269,471
"158",0,1574.1691,-0.668777074,0.590206186,1358
"159",0,1157.9196,-0.52600365,0.573234984,997
"160",0,2513.0226,-0.727804215,0.737076344,1684
"161",0,2061.7191,-0.711926357,0.743969122,1606
"162",0,355.1351,-0.513513514,0.35154827,252
"163",1,1258.1222,-0.56340819,0.668717949,703
"164",0,1601.04805,-0.639544571,0.637852593,1719
"165",1,741.1374,-0.54787234,0.490129724,732
"166",0,2004.21005,-0.686413043,0.704299412,1557
"167",1,1448.9656,-0.6004001,0.590763766,1278
"168",1,1824.91095,-0.640372366,0.526932084,1083
"169",0,2402.30065,-0.766666667,0.776458952,1666
"170",0,1708.77815,-0.694966646,0.716257669,1329
"171",1,1279.9713,-0.605580216,0.624581006,692
"172",1,1712.5445,-0.587972167,0.732047872,1101
"173",1,1268.93895,-0.557377049,0.70917226,913
"174",0,-115.2131,0.162241888,-0.264197531,98
"175",0,-143.63755,0.339712919,-0.121495327,72
"176",0,-144.03345,0.35483871,-0.037656904,90
"177",0,2455.288,-0.773815859,0.821221865,1428
"178",0,1078.01925,-0.66163142,0.769478429,714
"179",0,1078.44465,-0.667866324,0.778881988,714
"180",0,-126.10035,0.138157895,-0.355555556,27
"181",0,2110.6515,-0.78111588,0.416481069,2490
"182",0,2606.17075,-0.787339268,0.858511838,1543
"183",0,1827.60585,-0.719631236,0.722376458,1596
"184",0,-28.54815,-0.238095238,-0.045685279,50
"185",0,2545.23285,-0.784241142,0.856382979,1373
"186",0,2464.8783,-0.791420912,0.840220386,1396
"187",0,15.20755,-0.241245136,0.021097046,72
"188",0,2113.9532,-0.773088174,0.367099032,3345
"189",0,400.43195,-0.606458123,0.556103576,415
"190",0,-46.0079,-0.051903114,-0.233201581,45
"191",0,1472.9604,-0.627526222,0.568538189,2399
"192",0,349.1047,-0.225,-0.106557377,58
"193",0,2057.03665,-0.704018913,0.765654394,1934
"194",0,-158.49205,0.350140056,-0.369047619,51
"195",0,-163.0778,0.396648045,-0.380952381,54
"196",0,-156.4972,0.362997658,-0.063829787,104
"197",0,-158.1465,0.404814004,-0.248979592,74
"198",0,2111.955,-0.791133591,0.86039783,1198
"199",0,1728.6769,-0.683837558,0.696566999,2388
"200",0,2045.5141,-0.659922929,0.781521184,2140
"201",0,1176.75645,-0.688022284,0.800791557,676
"202",0,726.13245,-0.424910608,0.418859001,1844
"203",0,2422.37865,-0.738222222,0.684902559,2686
"204",0,2343.6507,-0.729060059,0.800395257,1563
"205",0,1867.1864,-0.629135802,0.783236262,2420
"206",0,1286.94395,-0.537061814,0.463906293,2230
"207",0,1838.89875,-0.619959677,0.675736325,1818
"208",0,1984.72835,-0.660535996,0.701394586,1493
"209",0,2830.91315,-0.666772119,0.709833024,2138
"210",0,1381.4234,-0.689814815,0.785794814,884
"211",0,2092.45595,-0.667240108,0.722546567,2154
"212",0,1831.77815,-0.626389285,0.680602007,1429
"213",0,2783.4637,-0.72865549,0.821437841,1586
"214",1,1021.80755,-0.504926108,0.68503937,536
"215",0,2140.76835,-0.672529747,0.710435117,1462
"216",0,2689.8116,-0.70567088,0.781818182,1675
"217",0,2908.4534,-0.723939459,0.805128205,1717
"218",1,1065.7059,-0.620244078,0.588839941,403
"219",1,897.6207,-0.607535322,0.523965142,372.5
"220",1,1209.1499,-0.630948527,0.647845468,530
"221",1,740.67435,-0.566945607,0.75020145,457.5
"222",0,1524.9654,-0.623891001,0.766536965,907
"223",0,2251.72095,-0.605137314,0.46029035,1507
"224",0,2401.8799,-0.668778072,0.735222952,1536
"225",0,2704.12725,-0.692881567,0.624219125,2847
"226",0,1429.408,-0.562588447,0.599100365,1867
"227",0,2478.8063,-0.729117973,0.787069988,1448
"228",0,2397.20855,-0.72014081,0.790127106,1434
"229",1,1251.1703,-0.67819063,0.669902913,1450
"230",1,1143.4817,-0.66970684,0.654085045,1390
"231",1,792.2879,-0.640990991,0.680735931,1103
"232",1,717.7093,-0.626521739,0.594670407,889
"233",1,1052.7743,-0.633497537,0.315030885,358.5
"234",0,-28.5009,0.167235495,-0.313807531,36.5
"235",0,-16.2417,0.157894737,-0.284116331,29.5
"236",0,1817.39825,-0.660593441,0.673537604,1952
"237",0,1989.037,-0.608717689,0.668972585,2184.5
"238",0,551.105,-0.463282937,0.393214227,2145
"239",0,367.73565,-0.393099548,0.26624,1758.5
"240",0,2550.1001,-0.818535636,0.711305644,1490
"241",0,1646.2154,-0.602009489,0.689045108,2474
"242",1,2054.17565,-0.748359707,0.477163186,1224.5
"243",1,769.6161,-0.56015866,0.516376307,278.5
"244",1,1440.09275,-0.669774436,0.549143944,889.5
"245",1,1164.8047,-0.623832528,0.605927922,643.5
"246",1,1029.37075,-0.607568325,0.648010789,643
"247",1,783.0625,-0.581967213,0.629789066,516
"248",1,1492.14495,-0.710900474,0.541158863,1484
"249",1,1163.90525,-0.63030303,0.470142977,612
"250",1,1327.9328,-0.690072639,0.430420712,928
"251",1,1151.9695,-0.68065747,0.448323066,597.5
"252",1,1235.19675,-0.687905605,0.548690791,890.5
"253",1,986.6608,-0.679583198,0.442351168,624
"254",1,787.75875,-0.653094463,0.490032452,466.5
"255",1,938.8173,-0.696371962,0.457627119,586
"256",1,798.7707,-0.575865129,0.515070328,298.5
"257",1,800.7295,-0.588383838,0.506713781,277
"258",1,657.6532,-0.568330812,0.505668934,445.5
"259",1,1959.88135,-0.747654784,0.561643836,1762
"260",1,1731.60135,-0.725511596,0.544459382,1960.5
"261",1,1562.44465,-0.706760793,0.49970173,1852
"262",1,1535.4207,-0.716770862,0.505675955,1195
"263",1,1139.86205,-0.665985003,0.356493854,592
"264",1,1086.67005,-0.680056378,0.325934579,422
"265",1,988.5353,-0.661230541,0.319809069,392
"266",1,1088.03005,-0.652115514,0.337078652,522
"267",1,1429.94,-0.701645535,0.387617066,1154
"268",1,1210.3111,-0.676078188,0.393069653,882.5
"269",0,105.7066,-0.212871287,0.219653179,368.5
"270",0,-5.9519,0.02189781,-0.147826087,39.5
"271",0,811.3772,-0.633089477,0.460923077,1226
"272",0,51.7687,-0.106508876,-0.008375209,90.5
"273",1,678.4003,-0.547062179,0.564182843,305.5
"274",1,827.8366,-0.580661578,0.49261745,410
"275",1,910.59005,-0.617077465,0.619291507,633
"276",1,696.44705,-0.577124869,0.411013567,213.5
"277",1,1098.3793,-0.685616438,0.33622291,446
"278",1,1068.03935,-0.682105965,0.316681534,748
"279",1,933.07955,-0.670809793,0.351860575,670.5
"280",1,1255.92465,-0.693069307,0.393833217,885
"281",1,701.4557,-0.599799398,0.316516517,428
"282",1,919.69765,-0.647607935,0.3582584,555
"283",1,471.94175,-0.454782043,0.326500732,99
"284",1,548.74115,-0.556503198,0.494004796,631.5
"285",1,1618.53105,-0.551460783,0.620630372,969
"286",1,1453.4193,-0.592870783,0.643738977,357
"287",1,1779.51565,-0.611914685,0.683686177,691
"288",1,1747.9162,-0.649046322,0.680746999,1304
"289",0,1689.76975,-0.796088374,0.872881356,708
"290",1,1064.17105,-0.529291154,0.57177854,1108
"291",1,872.76495,-0.591266376,0.528321318,633
"292",1,812.675,-0.537943159,0.621333333,627
"293",0,1733.99545,-0.703404501,0.589912939,2286
"294",0,1182.45075,-0.548770424,0.529933481,1922
"295",0,453.74315,-0.468609865,0.356963614,1969
"296",0,1805.11065,-0.645836299,0.627226463,2610
"297",0,729.01935,-0.494614162,0.309803922,2053
"298",0,683.80625,-0.431047363,0.356992639,1760
"299",1,977.6981,-0.435266352,0.646886447,536
"300",1,1442.1952,-0.645444391,0.881337648,819
"301",1,1450.15335,-0.65055159,0.856410256,721
"302",0,1856.09435,-0.721977876,0.70013245,2652
"303",0,1893.9297,-0.738755723,0.661907481,1871
"304",1,62.5223,-0.401459854,-0.038167939,77
"305",0,1526.651,-0.591876629,0.369863014,2979
"306",0,2768.85565,-0.753519047,0.787096774,2119
"307",0,908.92185,-0.440967877,0.557671382,2391
"308",0,1653.4351,-0.497359847,0.283824414,2715
"309",0,2060.7211,-0.749176277,0.368983957,2382.5
"310",0,2478.4858,-0.767282322,0.779564979,1468.5
"311",0,2284.09755,-0.75848905,0.335778593,2792
"312",0,2310.6598,-0.703973585,0.799897119,1933
"313",0,1471.5853,-0.648035771,0.675783192,1096
"314",0,2241.4198,-0.705271565,0.649816176,1393
"315",0,1492.60705,-0.448500652,0.640776699,1386
"316",0,118.71315,-0.282958199,-0.102564103,38
"317",0,1499.8465,-0.579927155,0.70259366,1574
"318",0,-11.2304,-0.088781275,-0.410526316,39
"319",0,-14.65645,-0.087181611,-0.419689119,32
"320",0,-13.87655,-0.095207938,-0.435356201,27
"321",0,-4.49055,-0.090295359,-0.429333333,40
"322",1,901.0366,-0.559145388,0.559343434,434.5
"323",1,-123.4513,-0.097591888,0.494505495,326.5
"324",1,569.63225,-0.590332805,0.509219858,854.5
"325",1,855.38805,-0.514902364,0.573151871,513.5
"326",0,-170.7332,0.076726343,0.49382716,301
"327",0,1017.26115,-0.771205084,0.547100847,1708
"328",0,-510.5261,0.157894737,0.493533584,201.5
"329",0,-263.31125,-0.197039778,0.403318443,673.5
"330",0,780.3676,-0.719543805,0.540306834,2477.5
"331",0,1039.9243,-0.695636751,0.522563418,1026
"332",1,949.20285,-0.536593826,0.451193059,269
"333",1,1415.81245,-0.556909578,0.540901503,353
"334",0,1166.7475,-0.641344047,0.350218341,1202
"335",1,952.2586,-0.480347538,0.397902529,219
"336",1,854.1314,-0.502334267,0.35557038,197.5
"337",1,886.8391,-0.526941917,0.545289855,317.5
"338",1,836.74935,-0.418128655,0.419799499,252.5
"339",1,1274.15335,-0.559545815,0.562691131,712.5
"340",1,975.53225,-0.543400713,0.396393081,474
"341",1,1184.28385,-0.500513875,0.518801244,555
"342",1,982.80315,-0.478723404,0.385281385,229.5
"343",1,1348.861,-0.557457847,0.522532588,436.5
"344",1,1110.7697,-0.542291221,0.460957179,336.5
"345",0,1480.44695,-0.561345813,0.470737913,401.5
"346",1,1480.44695,-0.561345813,0.470737913,401.5
"347",1,1549.96465,-0.535754568,0.434751773,690.5
"348",1,1624.3267,-0.533989471,0.433093525,511.5
"349",1,1406.5692,-0.539633421,0.492772668,758.5
"350",1,1356.5631,-0.537356322,0.431979128,632
"351",1,942.53275,-0.532150776,0.535280604,506
"352",1,1254.36585,-0.570314465,0.453809349,632
"353",1,969.19045,-0.533563483,0.419354839,254
"354",0,1918.06095,-0.748547279,0.512250283,1337
"355",0,767.53385,-0.596425212,0.438292732,1618.5
"356",1,1006.82305,-0.575581395,0.599695972,689.5
"357",1,1212.1239,-0.546556741,0.566753247,747
"358",1,1203.6525,-0.546445252,0.583987839,704
"359",1,1157.0968,-0.557215129,0.620771796,778
"360",1,1252.04405,-0.550184957,0.604497678,709
"361",1,901.35735,-0.472543892,0.468049515,464
"362",1,1003.27745,-0.551534225,0.458205391,637
"363",1,1211.45245,-0.54717962,0.376315789,418.5
"364",0,1167.37145,-0.658066345,0.508035865,1390.5
"365",0,1082.1284,-0.494138189,0.564784053,2274.5
"366",0,1900.67535,-0.72462406,0.542436687,2083
"367",0,1743.0813,-0.689096402,0.494046529,1768
"368",1,572.7386,-0.485325698,0.566409597,574.5
"369",0,945.94455,-0.673411228,0.490914135,2727
"370",0,1260.55375,-0.689042186,0.560904685,2070
"371",0,1461.86495,-0.73466304,0.582417582,1450.5
"372",1,1055.52405,-0.5683391,0.431924883,429.5
"373",0,2239.2679,-0.769890977,0.611770607,1552.5
"374",0,2099.9818,-0.708874697,0.571801567,2133.5
"375",0,1631.09385,-0.629898403,0.570726916,1979
"376",0,22.60025,-0.112716763,0.45375091,226.5
"377",0,38.33275,-0.128205128,0.443056051,232.5
"378",1,923.1154,-0.654541074,0.394064872,974
"379",1,1269.4486,-0.68444281,0.412685983,1563
"380",1,1239.9482,-0.678136201,0.425135764,1477
"381",1,1463.2195,-0.702950153,0.489449731,1364
"382",1,938.26995,-0.487291849,0.321302472,466.5
"383",1,822.9415,-0.54518664,0.371314343,533.5
"384",1,1347.76775,-0.601604278,0.483301527,819.5
"385",1,1126.1279,-0.621621622,0.48494826,720.5
"386",0,883.47045,-0.423828648,0.338943017,1922.5
"387",0,1161.9089,-0.425613324,0.34986981,2118.5
"388",1,1562.369,-0.580808081,0.521572171,813.5
"389",1,1535.9024,-0.639419404,0.483318305,1055.5
"390",1,609.01785,-0.466524973,0.358914122,452.5
"391",1,939.18715,-0.523944661,0.366239638,488.5
"392",1,591.30795,-0.419924338,0.350905218,400
"393",0,1634.14985,-0.652653705,0.560569047,1887.5
"394",1,1209.57425,-0.546836338,0.535280604,526
"395",0,1174.46375,-0.459318827,0.32475799,2260.5
"396",0,2009.2097,-0.679835813,0.497951583,2000
"397",0,1972.05045,-0.771653543,0.521336481,1416.5
"398",0,2193.609,-0.701966717,0.478136882,2080
"399",0,1104.8399,-0.511242896,0.418909398,2110.5
"400",0,1921.2929,-0.721781305,0.312676056,3133.5
"401",0,2333.33435,-0.774269255,0.385853659,2764.5
"402",0,2118.00255,-0.75279392,0.408970276,2415
"403",0,1758.1619,-0.723157146,0.472745626,2132.5
"404",0,2725.6522,-0.742362327,0.474578486,2743.5
"405",0,2316.8004,-0.73468543,0.465504928,2379
"406",0,2259.88945,-0.731230032,0.411208988,2695
"407",0,2137.5336,-0.749608764,0.355334918,2479
"408",0,2267.36515,-0.820998279,0.583705741,1602
"409",0,2284.462,-0.757470767,0.592556041,2166.5
"410",0,2154.92055,-0.808437251,0.515916955,1572.5
"411",0,1501.2868,-0.593264815,0.389808248,2596.5
"412",0,1767.14225,-0.614272809,0.616054614,2474
"413",1,1561.50345,-0.658703072,0.454892966,623.5
"414",1,1508.21715,-0.674098361,0.48098434,237.5
"415",1,1299.6963,-0.640714014,0.443716498,249.5
"416",1,1981.19345,-0.680504467,0.602558246,361.5
"417",1,1803.3231,-0.673391494,0.5666837,371.5
"418",1,2139.1774,-0.731854353,0.47631289,2256.5
"419",1,1052.22755,-0.596919127,0.329372624,1739
"420",1,552.215,-0.357330992,0.192365645,512
"421",1,498.7217,-0.313543599,0.1821046,467
"422",1,1282.05865,-0.647326507,0.412394797,1462.5
"423",1,946.17565,-0.600967352,0.582141309,446
"424",1,1128.07885,-0.619810634,0.620281273,527
"425",1,918.0766,-0.594242015,0.525633803,327
"426",1,1053.15135,-0.655393378,0.421752102,1116.5
"427",1,1793.0235,-0.607132906,0.496354459,308
"428",1,1168.344,-0.596638655,0.602272727,500.5
"429",1,1019.98995,-0.595959596,0.437540038,281.5
"430",1,1587.52665,-0.519262586,0.598815066,429.5
"431",1,1428.36685,-0.691275168,0.337879144,1471.5
"432",1,1268.1456,-0.658092848,0.374845869,305
"433",1,1545.32465,-0.692162417,0.427990856,1420
"434",1,1889.71115,-0.647151899,0.52586697,340
"435",1,1380.53425,-0.601059135,0.429517502,499.5
"436",1,1325.71415,-0.634909091,0.509974425,388
"437",1,1587.34095,-0.698994486,0.509513742,744
"438",1,1313.2344,-0.622281572,0.535127055,233
"439",1,2182.10795,-0.76827957,0.573252688,1827
"440",1,1504.7097,-0.698369565,0.451728248,493
"441",1,1399.7679,-0.649898029,0.500598802,323
"442",1,1111.2301,-0.580434034,0.327370304,155
"443",1,812.5231,-0.628,0.452806122,1056
"444",1,439.65185,-0.463584823,0.3214729,982
"445",1,524.1248,-0.565074135,0.378622328,661
"446",1,387.653,-0.6344,0.394945582,2177
"447",0,-162.2964,-0.604713143,0.546895893,1537
"448",0,-233.8255,-0.573404107,0.54641961,1413.5
"449",0,1745.22055,-0.655510933,0.568474444,2667.5
"450",0,2208.88975,-0.756085919,0.598118532,1783
"451",0,-190.9635,0.128686327,0.473096851,227.5
"452",1,589.20845,-0.405940594,0.326944758,276
"453",1,682.8054,-0.407069555,0.405357143,339
"454",1,1762.6806,-0.571290478,0.553494535,480.5
"455",1,1014.9458,-0.539622642,0.421541318,336
"456",1,1756.97155,-0.674037267,0.485393922,2207
"457",0,1447.96265,-0.634539213,0.492968905,1644
"458",0,1015.7895,-0.623876765,0.42340347,1779
"459",0,1046.74045,-0.573920043,0.406097356,1853.5
"460",0,1593.0788,-0.719095719,0.513570377,1590.5
"461",0,-399.08495,0.068021892,-0.114320096,204
"462",0,94.90825,-0.280961183,-0.06557377,113
"463",0,-131.05655,0.009183673,0.004856989,786
"464",0,-258.17555,0.107551487,0.065346535,230
"465",0,887.29485,-0.578636364,0.339210425,2164
"466",0,64.89755,-0.109177903,0.040549828,748
"467",0,1619.1225,-0.698052814,0.505404237,1533
"468",0,1951.8465,-0.703670345,0.755199617,2433
"469",0,441.11565,-0.303308824,0.197681906,1144
"470",0,-294.0016,0.094516971,-0.15902965,327
"471",0,-268.48005,0.153526971,-0.375661376,47
"472",0,2555.98,-0.788042305,0.436417406,2121
"473",0,3063.9095,-0.849511979,0.207191781,2274
"474",0,229.8235,-0.210471204,0.104980843,1773
"475",0,-72.7981,0.065198984,-0.103603604,210
"476",0,1915.1812,-0.70663895,0.481690141,1922.5
"477",0,440.3886,-0.250068927,0.068340307,78.5
"478",0,738.51375,-0.345761207,0.38101983,253.5
"479",0,2196.5509,-0.566682951,0.640007423,1592
"480",0,709.912,-0.524702306,0.79094236,701
"481",0,-71.22095,-0.37213254,0.199722607,459
"482",1,1185.2576,-0.508509899,0.369491525,160.5
"483",1,1117.77545,-0.519762479,0.389396709,358
"484",1,1113.9439,-0.601476015,0.691926696,948
"485",1,1021.3468,-0.584184807,0.655969191,797
"486",1,1834.0547,-0.648898216,0.723308271,1739
"487",1,1413.26265,-0.61735494,0.645669291,1194
"488",1,1229.9677,-0.588135112,0.622279129,734
"489",1,1470.92835,-0.625393494,0.603869654,870
"490",1,1860.94405,-0.621315193,0.623197903,1775
"491",1,1222.3818,-0.591513437,0.672820513,952
"492",1,2419.51795,-0.688325636,0.748753265,1920
"493",1,1030.42355,-0.523841618,0.629335976,192
"494",0,923.0967,-0.481118881,0.43412844,1531
"495",0,406.8604,-0.348806366,0.281828074,1643
"496",0,569.3217,-0.448081661,0.354485777,1738
"497",0,2064.8193,-0.758459743,0.833964864,1151
"498",0,663.4627,-0.440990039,0.317295189,1919
"499",0,1522.63535,-0.544113842,0.472256473,2655
"500",0,2218.48135,-0.658677447,0.722642808,1819
"501",0,1997.03455,-0.747417355,0.714604236,1897
"502",0,1087.34045,-0.596425912,0.742381146,1278
"503",0,1040.3216,-0.439503619,0.534516765,1207
"504",0,538.2685,-0.332765232,-0.025,532
"505",0,35.94515,-0.079279279,0.113801453,684
"506",0,455.77805,-0.390134529,0.403773585,873
"507",0,76.26285,-0.253225806,0.225268176,499
"508",0,2439.44295,-0.764239161,0.815626022,1510
"509",0,1651.1835,-0.682367919,0.696947133,1342
"510",0,2114.1859,-0.678154825,0.685760171,2235
"511",0,29.89385,-0.127737226,0.078014184,65
"512",0,1784.61345,-0.680071492,0.665500795,1418
"513",1,1105.71535,-0.662808883,0.443337484,947
"514",1,1134.66985,-0.674722404,0.438101347,964
"515",1,1119.27905,-0.673536147,0.460893855,812
"516",1,1240.13375,-0.661664393,0.515495868,1078
"517",1,1012.44055,-0.652234153,0.497441146,928
"518",1,1064.12375,-0.632653061,0.553932584,761
"519",1,835.399,-0.597915762,0.485893417,667
"520",1,776.54725,-0.599649584,0.484053863,771
"521",1,1160.61085,-0.66501548,0.505856107,924
"522",1,1209.6187,-0.652442795,0.485065711,780
"523",1,943.7621,-0.64441053,0.447798742,1082
"524",1,1104.1364,-0.678797997,0.608966376,1257
"525",1,903.8294,-0.616081987,0.652313883,967
"526",1,995.126,-0.648398577,0.646797482,1192
"527",1,991.0421,-0.644363636,0.638453501,1091
"528",1,993.43795,-0.656689506,0.67032967,1168
"529",1,934.2031,-0.605655331,0.634050022,1002
"530",1,915.51665,-0.629976581,0.641486321,999
"531",1,763.64605,-0.608576642,0.602298851,792
"532",1,909.41315,-0.614723926,0.568627451,653
"533",1,1069.83925,-0.649477101,0.547087643,800
"534",1,909.7889,-0.624401914,0.664970314,1021
"535",1,895.7199,-0.612410072,0.516688919,694
"536",0,2479.83495,-0.744616925,0.74671916,1754
"537",1,787.02975,-0.633628319,0.531554977,625
"538",1,966.47035,-0.643120187,0.473509934,703
"539",1,996.59675,-0.630014859,0.500777605,1634
"540",1,1120.76805,-0.638986629,0.52581262,1676
"541",1,659.44875,-0.564772727,0.304268847,552
"542",1,727.18665,-0.576883385,0.379418696,646
"543",0,1105.49165,-0.542058586,0.478668054,2776
"544",0,272.25615,-0.322807018,0.235486891,2827
"545",0,81.25395,-0.152027027,0.105633803,63
"546",0,-7.61785,-0.118644068,0.111111111,347
"547",0,17.88495,-0.203513909,-0.115264798,68
"548",0,659.36035,-0.4342723,0.356359649,2137
"549",0,880.1497,-0.535638673,0.553691275,1327
"550",0,219.8182,-0.33186974,0.262552702,1799
"551",0,1394.7763,-0.594803759,0.592071244,1921
"552",0,2035.2731,-0.673195876,0.588842975,2770
"553",0,2527.4349,-0.788652864,0.844615824,1448
"554",0,2253.7395,-0.700791177,0.658431278,2653
"555",0,2649.03115,-0.7744,0.80920037,1647
"556",0,2472.0889,-0.752571738,0.726924713,1517
"557",0,2645.9456,-0.771875,0.799287411,1689
"558",0,-27.11485,-0.06855792,-0.155080214,55
"559",0,-38.82145,-0.110609481,-0.171270718,52
"560",0,-24.58985,-0.118721461,-0.050691244,48
"561",0,-30.17135,0.005235602,-0.179487179,45
"562",0,-53.8984,-0.049180328,-0.123152709,51
"563",0,2194.88835,-0.767306088,0.648606466,2048
"564",0,434.90205,-0.513579643,0.372781065,2702
"565",0,2408.8641,-0.778757515,0.47595004,2684
"566",0,2179.27705,-0.752877044,0.820251177,1209
"567",1,602.4147,-0.5830721,0.368162262,213.5
"568",1,877.7181,-0.59429477,0.509234828,331.5
"569",0,-18.4302,-0.084745763,-0.106060606,45
"570",0,-35.8124,-0.088584475,-0.164658635,63
"571",0,1627.12105,-0.775711795,0.817417207,1344
"572",0,292.9416,-0.271391847,0.048648649,148
"573",0,1490.9959,-0.645313318,0.644532106,1128
"574",0,1048.1425,-0.63902439,0.540690506,1013
"575",0,-9.8989,-0.26958468,0.159726538,2877.5
"576",0,147.1974,-0.335356919,0.218788125,3632
"577",0,1187.70215,-0.603473227,0.496896678,2238
"578",0,305.0315,-0.235615558,0.006189213,161.5
"579",0,1645.71625,-0.641927228,0.650457135,2246.5
"580",0,110.001,-0.256189995,0.21582452,851
"581",0,1067.45955,-0.320908561,0.258025193,1624.5
"582",0,441.0438,-0.181274199,-0.28852459,64
"583",1,1596.5119,-0.531685138,0.602077922,1110
"584",1,1242.70515,-0.456320837,0.595476294,435
"585",1,1879.6294,-0.628411393,0.727211796,1121
"586",1,863.5092,-0.577509196,0.740344346,821
"587",1,336.2926,-0.473520249,0.545454545,255
"588",1,948.9629,-0.583395383,0.709382151,621
"589",1,1554.08015,-0.616273833,0.51590106,300
"590",1,1563.89355,-0.597736002,0.443375278,191.5
"591",0,1939.36085,-0.623610579,0.646867372,1704.5
"592",1,1641.7679,-0.711152882,0.54539341,586.5
"593",1,1494.8623,-0.675703151,0.611521418,418
"594",1,2122.1722,-0.701380176,0.702359347,490.5
"595",0,1407.7284,-0.531449045,0.70307603,2166.5
"596",0,1750.8784,-0.670035866,0.56751164,2031.5
"597",0,-7.9356,0.023489933,-0.297058824,101
"598",1,1195.5908,-0.713854773,0.614823815,1033
"599",1,1618.585,-0.723007712,0.557330827,1333.5
"600",1,2174.8861,-0.719623972,0.689069237,2076.5
"601",1,1806.2662,-0.723657744,0.650744735,1316.5
"602",1,1974.8006,-0.737014373,0.637561223,1407.5
"603",1,2102.2515,-0.761085973,0.745579721,1554.5
"604",1,1608.7001,-0.699452697,0.728716165,1756.5
"605",1,1798.7097,-0.720965538,0.652402666,1494.5
"606",1,2347.6689,-0.714688933,0.697879626,1861.5
"607",1,1969.0164,-0.758001123,0.616915423,1485
"608",1,1779.8483,-0.756486402,0.620595334,1433.5
"609",1,989.2819,-0.669715447,0.52055993,640.5
"610",1,1835.3659,-0.733483589,0.617029119,1349
"611",1,1865.2707,-0.718425369,0.618506175,1341
"612",1,1504.1239,-0.660938352,0.64850686,1130.5
"613",1,1580.7105,-0.675834682,0.661645929,966
"614",1,2220.1397,-0.730493059,0.656576981,1095.5
"615",1,1681.1337,-0.714047982,0.689445314,1175
"616",1,1641.3318,-0.702260559,0.640566038,975.5
"617",1,1701.4651,-0.729721166,0.61307378,983.5
"618",1,1812.4864,-0.748731313,0.617160368,1172
"619",1,1715.9938,-0.674682875,0.6321882,1156.5
"620",1,1413.9423,-0.667400189,0.554399834,1264
"621",1,1990.6346,-0.750409165,0.655125129,1481
"622",1,1680.23,-0.662752865,0.567464447,1449.5
"623",1,1817.12,-0.731092437,0.651372697,1382.5
"624",1,1742.9213,-0.702881237,0.613234965,1016
"625",1,2155.7536,-0.771225484,0.655668203,1442.5
"626",1,1787.8104,-0.692331768,0.668658857,871
"627",1,1814.993,-0.730135799,0.626302083,988.5
"628",1,1795.3389,-0.717130899,0.618778861,806.5
"629",1,1311.5578,-0.665204185,0.580741765,909
"630",1,1595.2183,-0.637660884,0.625711035,1173.5
"631",1,1751.9098,-0.683763028,0.594317015,1457
"632",0,1686.9353,-0.574216572,0.400514265,2580
"633",1,2244.3235,-0.667830642,0.686650451,1200.5
"634",0,3301.135,-0.784005712,0.517339803,2141
"635",0,2650.8342,-0.789887402,0.453072724,2122
"636",0,1916.2234,-0.706896552,0.539433315,2047.5
"637",0,1535.0809,-0.658145981,0.528996283,1932
"638",0,2076.7475,-0.714320447,0.504874011,2070
"639",0,1947.7422,-0.624911821,0.608029801,2721.5
"640",0,2362.6821,-0.76432455,0.744855031,2414
"641",0,2658.8906,-0.775161031,0.81046892,2050
"642",1,1349.6862,-0.625433125,0.429845626,841.5
"643",1,2399.9468,-0.626071638,0.336166195,270.5
"644",1,1391.7504,-0.583177887,0.162634409,121.5
"645",1,1617.0822,-0.692676056,0.683943089,1242.5
"646",1,1768.4789,-0.709921671,0.687575758,1338.5
"647",1,1877.7127,-0.741208418,0.699186992,1304.5
"648",1,1939.5315,-0.740082079,0.515468227,1680
"649",1,1600.8615,-0.69369645,0.553015873,1385.5
"650",1,2705.2611,-0.758061286,0.669417645,2599.5
"651",1,3093.9964,-0.774887082,0.730518473,2551
"652",1,2825.7617,-0.770619057,0.725905427,2273.5
"653",1,2332.1902,-0.738122301,0.652671291,2622
"654",0,2259.9207,-0.759942155,0.646780862,1324
"655",0,2488.7831,-0.776414451,0.686030037,1215
"656",0,2483.0194,-0.777575758,0.680164722,1512
"657",0,2384.4883,-0.786569149,0.649155722,1166
"658",0,2869.1395,-0.83457052,0.527346388,2048.5
"659",0,1985.1489,-0.729971106,0.40144435,2097
"660",0,1961.1166,-0.655924641,0.651896981,2527.5
"661",0,1846.1236,-0.610543058,0.301129235,2678
"662",0,1756.2204,-0.592167454,0.389670014,3008.5
"663",0,-283.2526,0.284382284,-0.435950413,57
"664",0,921.983,-0.649759744,0.459157031,838
"665",0,3482.9545,-0.813881748,0.485004143,2198
"666",0,-125.3565,0.390825688,-0.13323124,81.5
"667",0,1947.9956,-0.70960602,0.632054176,1094
"668",0,1178.704,-0.447046187,0.656354731,2381.5
"669",0,2633.0071,-0.789386401,0.707988981,1676.5
"670",0,2292.3328,-0.767931144,0.674952199,1349
"671",0,1660.1443,-0.718712753,0.675717611,1874.5
"672",0,2331.6813,-0.720255113,0.721329046,2940
"673",0,1810.2617,-0.673716012,0.499152934,2312
"674",1,1684.0226,-0.737340738,0.581673307,1288
"675",1,389.4675,-0.337471783,0.191489362,82
"676",1,609.1304,-0.314333613,0.154385965,90
"677",1,2349.2008,-0.755946717,0.712253476,502.5
"678",1,2380.147,-0.747275678,0.635866865,952.5
"679",1,2500.2433,-0.749180686,0.63464837,437.5
"680",1,2400.2676,-0.741775575,0.633874239,295.5
"681",1,910.7501,-0.555919258,0.612538541,327.5
"682",0,-64.6816,0.08863026,-0.029271613,39.5
"683",0,2797.6008,-0.748953975,0.246302504,2733.5
"684",0,3103.4316,-0.763225172,0.810246236,2146.5
"685",0,1222.2584,-0.628666465,0.687255668,2392.5
"686",0,-270.5675,0.359903382,-0.005805515,263
"687",0,-41.16325,0.111954459,-0.272727273,52.5
"688",0,367.8787,-0.354614851,0.33611691,393
"689",0,126.6541,-0.059980334,0.047169811,55.5
"690",0,-43.2504,-0.268892398,0.122518501,2557.5
"691",0,921.9452,-0.494549058,0.437659033,2674
"692",0,1577.8939,-0.454030646,0.469916557,2359
"693",0,2019.2849,-0.711510791,0.634778276,1522.5
"694",0,1330.4862,-0.389221557,0.791059049,2047.5
"695",0,351.0941,-0.35243553,0.348328647,634.5
"696",0,812.2031,-0.566854991,0.501421801,649
"697",0,-188.8412,0.370611183,-0.48441247,40
"698",0,-249.8024,0.482093664,-0.458874459,40
"699",0,1572.168,-0.757445141,0.812285012,1205
"700",0,-223.37695,-0.183039242,0.085876143,2552
"701",0,2399.1376,-0.765339074,0.798324542,1427
"702",1,885.66325,-0.529843893,0.499417928,366
"703",1,1666.4716,-0.682556591,0.629721876,1342
"704",1,1117.9572,-0.592184725,0.563870968,589
"705",1,665.0889,-0.503529412,0.410194175,301
"706",1,1399.9616,-0.659535452,0.568518519,1091
"707",1,1117.3376,-0.641703377,0.679914071,605
"708",0,2153.39685,-0.705679862,0.657593123,1808
"709",0,1349.6521,-0.61614451,0.596947428,2413
"710",0,2309.46205,-0.763594734,0.830419004,1293
"711",0,2180.0598,-0.730232558,0.679389313,1606
"712",0,2316.1507,-0.712320574,0.664632188,1792
"713",1,1382.75795,-0.56391478,0.613951266,782
"714",1,1216.4861,-0.52810768,0.494294294,521
"715",1,1144.0863,-0.533799534,0.530285714,628
"716",1,1071.5437,-0.488977232,0.528104575,511
"717",1,404.7427,-0.656229001,0.769331586,1166
"718",1,545.097,-0.665196985,0.782630438,1224
"719",1,344.6669,-0.657197749,0.750421017,1126.5
"720",1,398.6258,-0.649824068,0.774483854,1141
"721",1,619.266,-0.561032864,0.485532816,551.5
"722",1,459.1953,-0.538461538,0.523591388,446.5
"723",1,709.3096,-0.575471698,0.52485257,494
"724",1,625.4258,-0.563338301,0.504888889,451.5
"725",1,728.8225,-0.569832402,0.526474387,480.5
"726",1,561.6998,-0.590136986,0.572885818,588.5
"727",1,438.5659,-0.541666667,0.443357783,497.5
"728",1,139.4899,-0.462721893,0.435820896,244.5
"729",1,413.8978,-0.591293833,0.612032395,535
"730",1,612.4281,-0.49939976,0.433716237,811.5
"731",1,833.8598,-0.612933458,0.625062909,904.5
"732",0,-22.8744,0.243902439,-0.21319797,40
"733",1,771.1318,-0.595259799,0.483371298,1813
"734",0,853.0413,-0.104166667,0.040268456,56
"735",1,320.0812,-0.497822932,0.487525988,292
"736",1,640.8225,-0.390691114,0.259328358,218
"737",1,392.755,-0.490888383,0.451321728,654.5
"738",1,551.3607,-0.499328859,0.460160122,604.5
"739",1,247.6694,-0.39637827,0.355644356,416
"740",1,657.7333,-0.429319372,0.404470079,339
"741",0,1288.0589,-0.449144914,0.463473054,583
"742",0,-56.9847,0.36036036,-0.178947368,25.5
"743",0,-42.0349,0.378378378,-0.205574913,21
"744",1,1406.8407,-0.543083004,0.488568588,772.5
"745",0,2286.9268,-0.732175172,0.798475868,1347.5
"746",0,1910.9895,-0.743822076,0.800759437,965
"747",0,2385.7897,-0.78012685,0.806363459,1270
"748",1,1085.8928,-0.522498677,0.416666667,878
"749",0,-38.1094,0.302816901,-0.145348837,35
"750",0,-39.7849,0.345864662,-0.171779141,37
"751",0,-36.1792,0.3671875,-0.188311688,30.5
"752",0,-25.2991,0.233333333,-0.205955335,41
"753",0,-24.0293,0.224,-0.174757282,46.5
"754",0,-25.4863,0.272727273,0.022058824,35.5
"755",1,421.5672,-0.550037622,0.648214286,409
"756",0,587.0567,-0.407527317,0.370133643,1598.5
"757",1,474.8568,-0.524312896,0.551584626,477.5
"758",1,266.2328,-0.535664336,0.544358312,432.5
"759",1,469.9903,-0.570327553,0.606994665,642
"760",1,561.7691,-0.566666667,0.612592355,644.5
"761",1,544.6679,-0.579492491,0.621221468,596.5
"762",1,279.1848,-0.4617206,0.511627907,351
"763",1,26.236,-0.385199241,0.48348745,275.5
"764",0,-14.2243,0.301435407,0.034482759,33
"765",0,-26.1677,0.330049261,-0.020242915,27.5
"766",0,-30.3954,0.292035398,-0.0234375,34.5
"767",1,575.8549,-0.461593683,0.351032448,504
"768",1,399.088,-0.435054773,0.315547378,407
"769",1,570.9312,-0.420890937,0.301601831,431.5
"770",1,530.3824,-0.431432974,0.318398475,384
"771",1,649.9399,-0.46917586,0.359516616,520
"772",1,30.4324,-0.566410981,0.413369714,1497.5
"773",1,32.9768,-0.556677375,0.394249201,1417.5
"774",1,13.7798,-0.569986836,0.403752039,1450
"775",1,29.6019,-0.581030928,0.4322685,1463.5
"776",1,1233.2126,-0.509433962,0.406372763,921.5
"777",1,663.5629,-0.516365413,0.438548998,791.5
"778",1,691.0755,-0.503883052,0.391412261,952.5
"779",1,623.009,-0.481481481,0.427872861,594.5
"780",1,224.4893,-0.527239151,0.585071995,593.5
"781",0,104.90265,0.244161359,-0.136690647,31
"782",0,-976.5485,-0.809769966,0.827136781,1664.5
"783",0,1932.4606,-0.805986104,0.828975265,1680.5
"784",0,-1116.4499,-0.809911055,0.819606765,1648.5
"785",0,22.16955,0.365735115,-0.317460317,18
"786",0,25.6767,0.401398601,-0.28358209,22
"787",0,18.37835,0.388816645,-0.36,18
"788",0,31.02025,0.603305785,-0.4,21
"789",0,-15.8513,0.531400966,-0.432624113,28
"790",0,18.46055,0.715524718,-0.470588235,33
"791",0,170.77855,0.224199288,-0.089552239,31
"792",0,1839.3426,-0.746010857,0.759579264,1673
"793",0,1492.2701,-0.595938737,0.547130435,1707
"794",1,1777.4857,-0.610291595,0.696455317,807
"795",1,990.75,-0.552288954,0.637019231,319
"796",1,1517.76525,-0.566853747,0.636536632,388
"797",1,1465.652,-0.620286659,0.688860435,651
"798",1,1268.89365,-0.627527613,0.702838063,631.5
"799",1,594.77985,-0.58449677,0.661417323,524
"800",1,484.9489,0.180265655,-0.297124601,64
"801",1,468.78565,0.096188748,-0.155555556,95
"802",0,1001.749,-0.493444196,0.452090032,2320
"803",0,2133.06635,-0.749564004,0.784048157,1348
"804",0,1240.1238,-0.607661415,0.577255871,2909
"805",0,-318.5911,0.38245614,-0.170068027,44
"806",1,707.4889,-0.530351981,0.380843413,1568
"807",1,424.28505,-0.545266068,0.407616361,1019
"808",1,313.81385,-0.544106167,0.403385873,896
"809",0,-60.9559,0.701042874,-0.537444934,76
"810",0,1449.25165,-0.577041761,0.59132321,1623
"811",1,579.94315,-0.536204627,0.436090226,821
"812",1,801.75035,-0.579781538,0.44587156,793
"813",1,676.1882,-0.540830355,0.342440801,496
"814",1,758.30285,-0.582635522,0.512655087,1014
"815",1,491.9682,-0.37037037,0.342070773,342
"816",0,-133.33565,0.818467996,-0.805774278,38
"817",0,-21.7657,0.526908636,-0.572519084,38
"818",0,2256.43045,-0.763348617,0.756217378,1419
"819",0,668.91505,-0.464320626,0.323561947,3337
"820",0,1307.30265,-0.671822305,0.49854843,2416
"821",0,1554.47105,-0.736075206,0.746396156,2396
"822",0,2739.43605,-0.500288517,0.621116663,1277
"823",0,2554.4881,-0.589609027,0.665570175,2062
"824",0,169.71565,-0.129616725,0.055153203,2206.5
"825",0,392.7717,0.441666667,-0.491891892,32
"826",0,2536.131,-0.762416605,0.809143364,1092
"827",0,1287.8296,-0.540452065,0.280821918,2754
"828",0,768.0518,-0.340655683,0.225900116,3669
"829",0,1752.90795,-0.588093323,0.460645812,3214
"830",0,2043.8956,-0.642388246,0.538795779,2480
"831",0,2373.4709,-0.754671778,0.695063985,1456
"832",1,2155.0139,-0.628423674,0.686531585,535
"833",1,1178.90375,-0.654018291,0.707729469,640
"834",0,1893.9445,-0.735029266,0.797758168,2482
"835",0,923.3582,-0.399899523,0.371250707,2922
"836",1,1098.02305,-0.600084282,0.670811997,454
"837",0,1770.1473,-0.780353635,0.81834947,872
"838",0,1656.17865,-0.460261296,0.457655637,2230
"839",0,168.4146,0.368782161,-0.245033113,34
"840",1,816.76835,-0.59551446,0.6985138,667
"841",0,99.8447,0.345991561,-0.089430894,26
"842",0,110.08975,0.351578947,-0.048387097,27
"843",0,-31.54285,-0.013119534,-0.565957447,28
"844",0,-75.2538,-0.101198402,-0.456140351,32
"845",0,225.2387,0.261205564,-0.278571429,43
"846",0,1281.84295,-0.799048997,0.868940754,628
"847",1,658.5759,-0.583104224,0.464026403,842
"848",1,443.3943,-0.663171691,0.734130812,1066
"849",1,260.6454,-0.552583587,0.609684519,518.5
"850",1,218.7067,-0.376425856,0.337092227,509.5
"851",1,23.9477,-0.472,0.445458914,411.5
"852",1,304.1923,-0.436834094,0.382098171,415.5
"853",0,-131.1511,0.508704062,-0.411255411,35
"854",0,-136.5594,0.5,-0.302941176,43.5
"855",0,1733.2649,-0.783881135,0.839172349,675
"856",0,2152.611,-0.562159215,0.551588417,2239.5
"857",0,2683.5744,-0.696714406,0.656302996,1847
"858",0,-308.6359,0.520352035,-0.405882353,75
"859",0,2439.1342,-0.729134665,0.724417692,1991
"860",0,2748.3463,-0.789158431,0.75704698,1474
"861",0,928.1884,-0.510550836,0.454570948,2306.5
"862",1,119.7839,-0.600212089,0.695494903,581.5
"863",1,48.4109,-0.592282958,0.681575708,442.5
"864",1,69.0116,-0.588104089,0.675010607,411.5
"865",1,395.4869,-0.568818514,0.603131115,508
"866",1,882.0819,-0.48098434,0.403672097,971
"867",1,734.3077,-0.498171178,0.415793509,954
"868",0,-44.1622,-0.243887895,0.18488838,2109
"869",0,1989.9861,-0.753225273,0.855525606,1219.5
"870",0,1467.8592,-0.677074423,0.659207876,2761
"871",0,1699.8379,-0.608452757,0.660096032,2697.5
"872",0,1511.3959,-0.601274224,0.566094304,2192
"873",0,3019.7312,-0.745516652,0.741824044,2469.5
"874",0,2615.7682,-0.682781457,0.640322975,2513
"875",0,2115.2749,-0.675505509,0.285479452,1988
"876",0,1411.3731,-0.707618668,0.546768707,1534
"877",0,2292.6184,-0.742783331,0.58345087,2406
"878",0,-47.9752,0.418530351,-0.115646259,33.5
"879",0,-406.8324,0.690288714,-0.676355067,32.5
"880",0,2421.4221,-0.732225115,0.835808231,2159
"881",0,-99.3575,0.359735974,-0.238095238,24
"882",0,-102.1894,0.3696,-0.299145299,25
"883",0,-49.0929,0.078853047,-0.238709677,30
"884",0,-42.398,0.063380282,-0.202614379,36
"885",0,-77.2641,0.352445194,-0.274193548,27
"886",0,-445.4544,0.703514377,-0.797894737,18
"887",0,-128.7161,0.539408867,-0.333333333,19
"888",0,-62.2086,0.25093633,-0.153153153,29
"889",0,-95.2493,0.292207792,-0.323943662,30
"890",1,320.4039,-0.370768618,0.292639929,1488.5
"891",1,821.7521,-0.281074058,0.253804834,1450.5
"892",1,459.3241,-0.292775665,0.263541193,1429.5
"893",1,450.5215,-0.377210216,0.374513454,1872.5
"894",0,-96.9556,0.227197347,-0.460957179,52
"895",0,901.7286,-0.525534442,0.48577962,2611
"896",0,1710.3691,-0.64535316,0.600989283,1636
"897",0,2588.6163,-0.821089224,0.26602947,2310.5
"898",0,206.4223,-0.249682607,0.0053187,1907.5
"899",0,-250.6071,-0.144521849,0.164900173,3193
"900",0,2402.1331,-0.78238342,0.667054715,1477.5
"901",0,18.2183,0.047841307,0.075342466,72.5
"902",0,1693.7556,-0.700831025,0.514485833,2389.5
"903",0,-18.6689,0.062770563,0.036206897,57
"904",0,1693.112,-0.700869565,0.656304985,1325.5
"905",0,1126.5024,-0.409183109,0.288388152,3597.5
"906",0,286.4772,-0.263307599,0.295629203,2593
"907",0,799.8912,-0.460809647,0.437684767,2036
"908",0,1805.7222,-0.677261614,0.711381106,2476
"909",0,3408.1598,-0.809156288,0.391804851,2733.5
"910",0,2599.688,-0.792554437,0.472009666,1942.5
"911",0,-128.1584,0.024875622,-0.242957746,67.5
"912",1,1412.64245,-0.685098407,0.294390716,2192
"913",1,1444.2454,-0.686413204,0.281476998,2903
"914",1,1485.72965,-0.708767627,0.286210892,2892
"915",1,1497.93175,-0.716548798,0.284468665,2934
"916",1,1550.5674,-0.721198157,0.311503912,2944
"917",1,1317.13945,-0.709432598,0.308120133,2062
"918",1,1108.2442,-0.667049369,0.269241456,2959
"919",1,1179.79585,-0.670613563,0.286351472,2977
"920",0,1208.5935,-0.547398659,0.517596567,1265
"921",0,1444.34055,-0.633911368,0.504879636,2050
"922",1,1429.21845,-0.734932155,0.335350479,1731
"923",1,2440.97395,-0.824222035,0.329867129,1759
"924",1,866.74525,-0.641187618,0.221993127,716
"925",1,1087.88095,-0.629732225,0.468214483,1293
"926",1,2027.6621,-0.762861342,0.485940594,1943
"927",1,474.3016,-0.205731832,-0.354716981,205
"928",1,171.838,-0.033816425,-0.522673031,45
"929",1,1082.8452,-0.614704514,-0.472485769,41
"930",1,498.52495,-0.215577191,-0.457142857,62
"931",1,1738.0129,-0.598197721,-0.404580153,78
"932",1,1735.6038,-0.615048544,0.255014327,906
"933",1,952.83125,-0.578318395,0.216145833,625
"934",1,358.0953,-0.365439093,-0.194805195,60
"935",1,1265.336,-0.544814341,0.141129032,289
"936",1,1605.74905,-0.564794554,-0.186666667,57
"937",1,990.11645,-0.487949427,0.278008299,70
"938",1,1590.69805,-0.556218905,-0.117021277,71
"939",1,878.471,-0.441671503,-0.148387097,62
"940",1,812.11285,-0.552224371,0.265151515,72
"941",1,956.8036,-0.553831232,-0.13368984,70
"942",1,1609.6206,-0.60041841,0.407147042,869
"943",1,1458.71755,-0.580733443,-0.092783505,104
"944",1,415.4916,-0.426244344,0.418032787,346
"945",1,1354.6159,-0.601224906,0.31824417,1157
"946",1,1275.1028,-0.577031691,-0.248120301,76
"947",0,553.07645,-0.394319131,0.268845897,1188
"948",1,1328.1128,-0.625272331,-0.132467532,76
"949",1,1530.11425,-0.628914252,0.135638298,295
"950",1,1610.14805,-0.64171123,0.074484945,227
"951",1,1628.33615,-0.750361167,0.276404494,1654
"952",1,1671.4715,-0.75926921,0.273081418,1553
"953",1,2385.91015,-0.810969823,0.273489347,1916
"954",0,390.5548,-0.205926369,0.031126872,4493
"955",0,1641.5026,-0.73517559,0.493553719,2353
"956",0,734.3477,-0.536423841,0.728303748,2291
"957",0,1446.44535,-0.586997369,0.472868217,2949
"958",0,294.5298,-0.440384615,0.231647014,2170
"959",0,45.08965,-0.14084507,0.082202713,775
"960",0,784.4903,-0.59959142,0.229456668,1629
"961",0,1715.2488,-0.734226009,0.502490478,2409
"962",0,286.12625,-0.038216561,-0.49034749,99
"963",1,44.6936,-0.362514029,0.212230216,357
"964",1,1424.63585,-0.681405209,0.491452152,1606
"965",1,798.3579,-0.500835655,0.464561639,697
"966",1,1084.4231,-0.541084214,0.532071504,1307.5
"967",1,1697.9554,-0.571458464,-0.483253589,51
"968",1,1641.63045,-0.60030128,-0.496453901,75
"969",1,1814.67265,-0.735117422,0.337037037,1775
"970",1,2755.52805,-0.816366554,0.303272147,2912
"971",1,1719.3554,-0.649286768,-0.247474747,200
"972",1,1724.21595,-0.65677547,-0.296636086,162
"973",1,2222.3102,-0.704771178,-0.526315789,53
"974",1,1989.2101,-0.679120879,-0.589519651,53
"975",1,2425.51215,-0.722943723,-0.541463415,45
"976",1,2994.2373,-0.820149145,0.342565117,2844
"977",1,2666.57395,-0.775567711,0.336222463,2324
"978",1,1779.68785,-0.719125214,0.347843292,1848
"979",1,2923.61215,-0.802537063,0.327608983,2606
"980",1,3095.49255,-0.809992759,0.340682788,2549
"981",1,2678.07305,-0.787807343,0.299861815,1753
"982",1,2801.8566,-0.825844653,0.325301205,2785
"983",1,2577.0636,-0.79176082,0.343336906,2873
"984",1,2604.04925,-0.836460177,0.326370757,2346
"985",1,2908.22765,-0.801752276,0.341206242,2578
"986",1,2789.85035,-0.829479259,0.306486101,2893
"987",1,3022.9911,-0.829062601,0.321670832,3060
"988",1,2867.7314,-0.825294748,0.502192982,2466
"989",1,2870.5209,-0.837094858,0.288467615,3199
"990",1,1437.69105,-0.594936709,0.345407503,1639
"991",1,2878.29315,-0.824015557,0.324460432,2596
"992",1,3000.7496,-0.819123742,0.301617507,2457
"993",1,1733.31435,-0.665143132,-0.184466019,34
"994",1,2565.5369,-0.765762395,-0.223097113,27
"995",1,2730.42725,-0.775296581,-0.174358974,32
"996",1,2623.9977,-0.772142595,-0.198895028,35
"997",1,2085.03945,-0.695306285,-0.17989418,30
"998",1,1593.6663,-0.684103606,0.307692308,1376
"999",1,2220.7871,-0.778013133,0.314851485,2406
"1000",1,1087.3801,-0.526442308,0.32132964,810
"1001",1,857.43505,-0.484907498,-0.04467354,73
"1002",1,1548.701,-0.630495553,-0.090909091,63
"1003",1,1435.88405,-0.641498559,-0.156521739,40
"1004",1,1817.7393,-0.671219972,-0.151785714,37
"1005",1,1723.80665,-0.683146681,-0.096296296,44
"1006",1,1724.97245,-0.653770813,-0.092783505,49
"1007",1,2069.459,-0.728549142,-0.063432836,64
"1008",1,1817.3661,-0.671918443,0.099183197,200
"1009",1,2152.5782,-0.697489284,-0.178329571,49
"1010",1,1598.0441,-0.627004656,-0.157384988,42
"1011",1,2056.64535,-0.708492904,0.070336391,244
"1012",1,2085.9392,-0.68641115,-0.113636364,109
"1013",1,1354.0366,-0.639773742,-0.218085106,36
"1014",1,1700.37895,-0.656347492,-0.12749004,53
"1015",1,1181.6542,-0.60626703,-0.181818182,50
"1016",1,1068.0378,-0.584555985,-0.128205128,55
"1017",1,970.27685,-0.563208736,-0.141747573,39
"1018",1,1781.51375,-0.662683202,0.048818898,159
"1019",1,1674.9639,-0.671439337,0.046822742,157
"1020",1,1225.20015,-0.566573121,-0.069662921,125
"1021",0,1823.11275,-0.800852383,0.482173763,2225
"1022",0,1612.90555,-0.719380756,0.666837519,2304
"1023",0,1044.8095,-0.662667282,0.41892303,2296
"1024",0,1515.9964,-0.733304329,0.670232387,1641
"1025",0,1980.91965,-0.861567745,0.30643699,2013
"1026",0,-4.16885,0.155279503,-0.120808941,828
"1027",0,-467.21485,0.807423346,-0.552971576,229
"1028",0,-129.85425,-0.172057303,0.058648111,3493
"1029",0,778.339,-0.433962264,0.347912525,2376
"1030",0,494.0537,-0.291863969,0.200933489,3218
"1031",1,1200.2421,-0.492173913,0.166866747,523
"1032",1,2870.0039,-0.798690671,0.313543599,2037
"1033",1,2773.9784,-0.816980828,0.279271466,1515
"1034",1,2750.404,-0.836436996,0.285768791,1792
"1035",1,2277.3604,-0.770409234,0.325227964,2203
"1036",1,2052.0461,-0.809157368,0.29787234,2569
"1037",1,2224.6505,-0.808318264,0.312380222,2478
"1038",1,2007.2367,-0.702224053,0.295217152,1359
"1039",1,749.74455,-0.639143731,0.161490683,480
"1040",1,838.95585,-0.678026906,0.145695364,542
"1041",1,936.10075,-0.739799846,0.212740385,857
"1042",1,1051.08265,-0.664790494,0.18125,642
"1043",1,1412.1619,-0.628832952,-0.183908046,88
"1044",1,736.33365,-0.692147686,0.208894879,865
"1045",1,1027.6131,-0.59582109,0.098701299,408
"1046",1,808.8031,-0.603406326,0.149450549,428
"1047",1,2199.3949,-0.80934989,0.266926622,1952
"1048",1,1110.2776,-0.681716585,0.253765933,1047
"1049",1,1565.60245,-0.646323311,-0.033980583,199
"1050",1,1062.5599,-0.594594595,-0.302325581,56
"1051",1,1643.7653,-0.682834737,-0.052325581,159
"1052",1,1478.94965,-0.661577608,0.021052632,157
"1053",1,1244.8148,-0.606896552,-0.304347826,75
"1054",1,1120.099,-0.584711503,0.017391304,189
"1055",1,1063.02735,-0.666094421,0.248916707,1317
"1056",1,1069.28375,-0.662251656,0.265230769,919
"1057",1,1594.15485,-0.67933783,-0.327731092,69
"1058",1,1738.3249,-0.699915707,-0.248120301,97
"1059",0,67.84395,-0.096949891,0.047252363,4993
"1060",0,-76.2272,0.290263876,-0.398026316,84
"1061",0,1293.3846,-0.496338294,0.45641345,2432
"1062",0,2676.1531,-0.839951378,0.39791608,2543
"1063",0,1447.90815,-0.687909782,0.505986465,2759
"1064",0,2484.7787,-0.744413955,0.546803999,2383
"1065",0,2111.0462,-0.628712871,0.519779209,1814
"1066",0,2009.93785,-0.688764829,0.385385385,1923
"1067",0,2456.36415,-0.791747147,0.908496732,1975
"1068",1,777.547,-0.574173713,0.483373494,1119
"1069",1,918.6355,-0.511389522,0.413658537,1330
"1070",1,1107.06855,-0.467663308,0.299539171,133
"1071",1,1271.93685,-0.691011236,0.36259542,1991
"1072",0,1970.23275,-0.668949772,0.557350565,2311
"1073",0,754.29315,-0.37645601,0.265635074,2682
"1074",0,2829.84365,-0.775796662,0.509447674,2485
"1075",0,2211.28915,-0.742157087,0.639897698,2723
"1076",0,1889.72545,-0.663059518,0.605211406,2482
"1077",0,2820.00745,-0.83773959,0.195438051,3188
"1078",0,2772.45475,-0.837680031,0.229571984,2756
"1079",0,2726.13445,-0.841280771,0.189246739,3109
"1080",0,2532.9003,-0.818988465,0.41346759,1713
"1081",1,1583.9242,-0.72111293,0.297215952,837
"1082",1,1606.48135,-0.713104326,0.319327731,2644
"1083",1,890.311,-0.561310782,-0.02661597,153
"1084",1,810.93245,-0.54136253,-0.195876289,78
"1085",1,619.73965,-0.435551811,-0.177083333,69
"1086",1,1632.5975,-0.726122707,0.305477132,1513
"1087",1,825.68385,-0.353342428,0.16875,460
"1088",0,2037.0868,-0.760279495,0.53817734,1250
"1089",1,1114.3266,-0.584597433,-0.265060241,95
"1090",1,1311.2841,-0.573784007,-0.333333333,41
"1091",0,441.5924,-0.389555126,0.514386673,2115
"1092",0,1105.09755,-0.6628331,0.712265193,2671
"1093",0,150.68275,-0.309635173,0.238636364,530
"1094",0,409.0065,-0.410195331,0.542184434,1510
"1095",0,555.6497,-0.40508989,0.408576814,2819
"1096",0,88.76235,-0.251599865,0.093262529,2044
"1097",0,603.6865,-0.455130079,0.355483681,2308
"1098",0,935.4033,-0.571359458,0.567895474,2506
"1099",0,278.9606,-0.248812569,0.108607481,1576
"1100",0,1763.3718,-0.65185032,0.663392272,2802
"1101",0,230.77815,0.062631949,-0.215986395,41.5
"1102",0,247.97115,0.070214339,-0.208828523,42.5
"1103",1,555.35485,-0.462454212,-0.052160954,244
"1104",0,2237.01375,-0.642627295,0.449710374,2238
"1105",0,1657.21405,-0.402930956,0.359312111,2897
"1106",1,926.4525,-0.498395232,-0.33201581,49
"1107",1,1309.32385,-0.551366635,-0.108552632,68
"1108",1,2438.921,-0.728698432,0.790562379,1792
"1109",1,2171.5585,-0.71995094,0.792004997,1777.5
"1110",1,2558.6383,-0.725642728,0.68042285,1511
"1111",1,1841.3893,-0.668145332,0.779187434,1792.5
"1112",1,1630.5438,-0.665687161,0.708909795,1512.5
"1113",1,2897.9017,-0.74616768,0.705202312,1694.5
"1114",1,2883.4741,-0.749286733,0.722858702,1714.5
"1115",0,-312.9026,0.215024496,-0.48085901,42.5
"1116",0,1887.3688,-0.73004069,0.605691057,1609
"1117",0,26.4852,-0.236935028,0.186821558,1719
"1118",0,83.5804,-0.275866795,0.171290062,2497
"1119",0,-478.8675,0.488609949,-0.568290353,64
"1120",0,-95.6359,0.083003953,-0.320910973,36.5
"1121",0,-57.1672,0.027322404,-0.19924812,60.5
"1122",1,2155.0442,-0.692989814,0.537212449,413.5
"1123",1,2194.756,-0.707188039,0.457923497,320.5
"1124",0,-112.3205,0.075060533,-0.438848921,116.5
"1125",0,2442.4023,-0.79226325,0.678472959,1583.5
